canal,frecuencia_dominante_Hz,magnitud
0,2.1,156782.015625
1,2.1,65081.44140625
2,0.7000000000000001,110812.1640625
3,2.1,109636.578125
4,2.1,126538.0859375
5,0.7000000000000001,55625.47265625
6,2.1,87651.9296875
7,0.7000000000000001,79496.78125
8,0.7000000000000001,88254.59375
9,2.1,74711.328125
10,2.1,83878.5234375
11,2.1,79992.40625
